Front,Back,Extra,Mnemonic,CardType,Tags,ImageURL,ImageAlt,Topic,Source,CardID
What is component 3 of 6 in The aspects of language?,Pragmatics,Explanation: Semantics; Syntax; Pragmatics; Phonetics; Phonology; Morphology Source: MEDIALIT FINALS p.4 Context: Verbal and Non-Verbal Communication background is assumed; review media-literacy-finals-refined.md:line-203 if unfamiliar.,"SSPPPM: Semantics, Syntax, Pragmatics, Phonetics, Phonology, Morphology",qa,media-literacy finals verbal-and-non-verbal-communication auto,,,Verbal and Non-Verbal Communication,media-literacy-finals-refined.md:line-203,7da69ccb0cee7155
What is component 5 of 6 in The six skills in the media literacy definition (NAMLE)?,Communicate,Explanation: Access; Analyze; Evaluate; Create; Communicate; Act Source: MEDIALIT FINALS p.1 Context: Media and Media Literacy background is assumed; review media-literacy-finals-refined.md:line-18 if unfamiliar.,"AAECCA: Access, Analyze, Evaluate, Create, Communicate, Act",qa,media-literacy finals media-and-media-literacy auto,,,Media and Media Literacy,media-literacy-finals-refined.md:line-18,44c3e911792df6a7
What is component 1 of 2 in The two types of verbal communication?,Representational — conveying factual information as it is,"Explanation: Representational — conveying factual information as it is; Presentational — communicating information influenced by beliefs, bias, emotions, and culture Source: MEDIALIT FINALS p.4 Context: Verbal and Non-Verbal Communication background is assumed; review media-literacy-finals-refined.md:line-193 if unfamiliar.",,qa,media-literacy finals verbal-and-non-verbal-communication auto,,,Verbal and Non-Verbal Communication,media-literacy-finals-refined.md:line-193,3425e4a72e07766d
"Complete: In media literacy, ___ means where you find media and the ...",Access,"Explanation: In media literacy, Access means where you find media and the ability to locate content; Analyze means examine and interpret the main ideas to make sense of the message. Source: MEDIALIT FINALS p.1 Context: Media and Media Literacy background is assumed; review media-literacy-finals-refined.md:line-23 if unfamiliar.",,qa,media-literacy finals media-and-media-literacy auto,,,Media and Media Literacy,media-literacy-finals-refined.md:line-23,11f19122f8e50021
Complete: ___ is the study of how we produce ...,Phonetics,"Explanation: Phonetics is the study of how we produce speech sounds, while Phonology is the study of languages and the patterns found in speech. Source: MEDIALIT FINALS p.4 Context: Verbal and Non-Verbal Communication background is assumed; review media-literacy-finals-refined.md:line-223 if unfamiliar.",,qa,media-literacy finals verbal-and-non-verbal-communication auto,,,Verbal and Non-Verbal Communication,media-literacy-finals-refined.md:line-223,ebf0bff44a6a50d7
What is component 3 of 6 in The six skills in the media literacy definition (NAMLE)?,Evaluate,Explanation: Access; Analyze; Evaluate; Create; Communicate; Act Source: MEDIALIT FINALS p.1 Context: Media and Media Literacy background is assumed; review media-literacy-finals-refined.md:line-18 if unfamiliar.,"AAECCA: Access, Analyze, Evaluate, Create, Communicate, Act",qa,media-literacy finals media-and-media-literacy auto,,,Media and Media Literacy,media-literacy-finals-refined.md:line-18,70376efbabae8b01
What is component 3 of 3 in The characteristics of a language?,Relational and cultural — meaning can change based on culture,Explanation: Symbolic — a word is associated with a concrete or abstract meaning; Follows a set of rules — grammar; Relational and cultural — meaning can change based on culture Source: MEDIALIT FINALS p.4 Context: Verbal and Non-Verbal Communication background is assumed; review media-literacy-finals-refined.md:line-198 if unfamiliar.,"SFR: Symbolic — a word is associated with a concrete or abstract meaning, Follows a set of rules — grammar, Relational and cultural — meaning can change based on culture",qa,media-literacy finals verbal-and-non-verbal-communication auto,,,Verbal and Non-Verbal Communication,media-literacy-finals-refined.md:line-198,fb78d702f3af98ef
What is component 5 of 5 in The five components of the communication process?,Feedback,Explanation: Source; Channel; Message; Receiver; Feedback Source: MEDIALIT FINALS p.2 Context: Communication Process and Literacies background is assumed; review media-literacy-finals-refined.md:line-71 if unfamiliar.,"SCMRF: Source, Channel, Message, Receiver, Feedback",qa,media-literacy finals communication-process-and-literacies auto,,,Communication Process and Literacies,media-literacy-finals-refined.md:line-71,5d5cf12fce17e2ea
What is component 4 of 6 in The types of non-verbal communication?,Proxemics,Explanation: Kinesics; Haptics; Vocalics / Paralinguistics; Proxemics; Chronemics; Artifacts and Environment Source: MEDIALIT FINALS p.4 Context: Verbal and Non-Verbal Communication background is assumed; review media-literacy-finals-refined.md:line-163 if unfamiliar.,"KHVPCA: Kinesics, Haptics, Vocalics / Paralinguistics, Proxemics, Chronemics, Artifacts and Environment",qa,media-literacy finals verbal-and-non-verbal-communication auto,,,Verbal and Non-Verbal Communication,media-literacy-finals-refined.md:line-163,6e13f62bb3440516
What is component 4 of 6 in The six skills in the media literacy definition (NAMLE)?,Create,Explanation: Access; Analyze; Evaluate; Create; Communicate; Act Source: MEDIALIT FINALS p.1 Context: Media and Media Literacy background is assumed; review media-literacy-finals-refined.md:line-18 if unfamiliar.,"AAECCA: Access, Analyze, Evaluate, Create, Communicate, Act",qa,media-literacy finals media-and-media-literacy auto,,,Media and Media Literacy,media-literacy-finals-refined.md:line-18,9a767125d337ab59
What is component 1 of 6 in The types of non-verbal communication?,Kinesics,Explanation: Kinesics; Haptics; Vocalics / Paralinguistics; Proxemics; Chronemics; Artifacts and Environment Source: MEDIALIT FINALS p.4 Context: Verbal and Non-Verbal Communication background is assumed; review media-literacy-finals-refined.md:line-163 if unfamiliar.,"KHVPCA: Kinesics, Haptics, Vocalics / Paralinguistics, Proxemics, Chronemics, Artifacts and Environment",qa,media-literacy finals verbal-and-non-verbal-communication auto,,,Verbal and Non-Verbal Communication,media-literacy-finals-refined.md:line-163,50253c81882c04f6
What is component 3 of 5 in The five components of the communication process?,Message,Explanation: Source; Channel; Message; Receiver; Feedback Source: MEDIALIT FINALS p.2 Context: Communication Process and Literacies background is assumed; review media-literacy-finals-refined.md:line-71 if unfamiliar.,"SCMRF: Source, Channel, Message, Receiver, Feedback",qa,media-literacy finals communication-process-and-literacies auto,,,Communication Process and Literacies,media-literacy-finals-refined.md:line-71,e53391437673481c
"Complete: ... of how we produce speech sounds, while ___ is the study of languages and the ...",Phonology,"Explanation: Phonetics is the study of how we produce speech sounds, while Phonology is the study of languages and the patterns found in speech. Source: MEDIALIT FINALS p.4 Context: Verbal and Non-Verbal Communication background is assumed; review media-literacy-finals-refined.md:line-228 if unfamiliar.",,qa,media-literacy finals verbal-and-non-verbal-communication auto,,,Verbal and Non-Verbal Communication,media-literacy-finals-refined.md:line-228,590f9bb656a65639
What is mass media?,A group of mediums used to communicate to a large body of audience at a certain amount of time.,Explanation: A group of mediums used to communicate to a large body of audience at a certain amount of time. Source: MEDIALIT FINALS p.5 Context: Information and Media Literacy background is assumed; review media-literacy-finals-refined.md:line-261 if unfamiliar.,,qa,media-literacy finals information-and-media-literacy auto,,,Information and Media Literacy,media-literacy-finals-refined.md:line-261,b522f452c22fb72e
What is component 4 of 6 in The aspects of language?,Phonetics,Explanation: Semantics; Syntax; Pragmatics; Phonetics; Phonology; Morphology Source: MEDIALIT FINALS p.4 Context: Verbal and Non-Verbal Communication background is assumed; review media-literacy-finals-refined.md:line-203 if unfamiliar.,"SSPPPM: Semantics, Syntax, Pragmatics, Phonetics, Phonology, Morphology",qa,media-literacy finals verbal-and-non-verbal-communication auto,,,Verbal and Non-Verbal Communication,media-literacy-finals-refined.md:line-203,f95405441d136488
What is component 4 of 4 in Authority is constructed and contextual; Information creation as a process; Information?,Searching as strategic exploration,Explanation: Authority is constructed and contextual; Information creation as a process; Information has value; Research as inquiry; Scholarship as conversation; Searching as strategic exploration Source: MEDIALIT FINALS p.5 Context: Information and Media Literacy background is assumed; review media-literacy-finals-refined.md:line-246 if unfamiliar.,"VRSS: value, Research as inquiry, Scholarship as conversation, Searching as strategic exploration",qa,media-literacy finals information-and-media-literacy auto,,,Information and Media Literacy,media-literacy-finals-refined.md:line-246,e92085204631cdb0
Complete: An ___ is a sign whose meaning is based ...,Icon,Explanation: An Icon is a sign whose meaning is based on similarity of appearance (e.g. a crucifix representing Christ). Source: MEDIALIT FINALS p.4 Context: Verbal and Non-Verbal Communication background is assumed; review media-literacy-finals-refined.md:line-148 if unfamiliar.,,qa,media-literacy finals verbal-and-non-verbal-communication auto,,,Verbal and Non-Verbal Communication,media-literacy-finals-refined.md:line-148,b2ad28e4649e8b18
"What are ""media effects""?",The influences and consequences on the audience.,Explanation: The influences and consequences on the audience. Source: MEDIALIT FINALS p.1 Context: Media and Media Literacy background is assumed; review media-literacy-finals-refined.md:line-48 if unfamiliar.,,qa,media-literacy finals media-and-media-literacy auto,,,Media and Media Literacy,media-literacy-finals-refined.md:line-48,5d56b4b935ef4e02
Complete: ___ is the study of communication through body ...,Kinesics,"Explanation: Kinesics is the study of communication through body movement, posture, eye contact, and facial expressions, while Haptics is communication expressed through the sense of touch. Source: MEDIALIT FINALS p.4 Context: Verbal and Non-Verbal Communication background is assumed; review media-literacy-finals-refined.md:line-168 if unfamiliar.",,qa,media-literacy finals verbal-and-non-verbal-communication auto,,,Verbal and Non-Verbal Communication,media-literacy-finals-refined.md:line-168,9f45fc2ae4f2af61
"Complete: In the communication process, the ___ is the person or group who receives ...",Receiver,"Explanation: In the communication process, the Receiver is the person or group who receives and interprets the message, and Feedback is the receiver's response back to the sender confirming the message was received and understood. Source: MEDIALIT FINALS p.2 Context: Communication Process and Literacies background is assumed; review media-literacy-finals-refined.md:line-86 if unfamiliar.",,qa,media-literacy finals communication-process-and-literacies auto,,,Communication Process and Literacies,media-literacy-finals-refined.md:line-86,e64a3a22f4b3c526
What is non-verbal communication (manual language)?,The process of sending and receiving messages without using words / either spoken or written (e.g. facial expressions / gestures / posture / eye contact).,"Explanation: The process of sending and receiving messages without using words, either spoken or written (e.g. facial expressions, gestures, posture, eye contact). Source: MEDIALIT FINALS p.4 Context: Verbal and Non-Verbal Communication background is assumed; review media-literacy-finals-refined.md:line-138 if unfamiliar.",,qa,media-literacy finals verbal-and-non-verbal-communication auto,,,Verbal and Non-Verbal Communication,media-literacy-finals-refined.md:line-138,1f786686497872d3
What is component 3 of 3 in Examples of MOOCs?,edX,Explanation: Coursera; Udacity; edX Source: MEDIALIT FINALS p.23 Context: MOOCs and Ubiquitous Learning background is assumed; review media-literacy-finals-refined.md:line-602 if unfamiliar.,"CUE: Coursera, Udacity, edX",qa,media-literacy finals moocs-and-ubiquitous-learning auto,,,MOOCs and Ubiquitous Learning,media-literacy-finals-refined.md:line-602,edcf103c5471ac2e
Complete: ___ is the study of how words are used in context and interaction to help communication.,Pragmatics,Explanation: Pragmatics is the study of how words are used in context and interaction to help communication. Source: MEDIALIT FINALS p.4 Context: Verbal and Non-Verbal Communication background is assumed; review media-literacy-finals-refined.md:line-218 if unfamiliar.,,qa,media-literacy finals verbal-and-non-verbal-communication auto,,,Verbal and Non-Verbal Communication,media-literacy-finals-refined.md:line-218,2f8eec0740b0a8bd
What is component 2 of 2 in The two main types of communication?,Non-verbal,Explanation: Verbal; Non-verbal Source: MEDIALIT FINALS p.2 Context: Communication Process and Literacies background is assumed; review media-literacy-finals-refined.md:line-66 if unfamiliar.,,qa,media-literacy finals communication-process-and-literacies auto,,,Communication Process and Literacies,media-literacy-finals-refined.md:line-66,84659249af6bbcf4
Complete: ___ is the study of human space and ...,Proxemics,"Explanation: Proxemics is the study of human space and distance in communication, while Chronemics is the use of time to convey meaning. Source: MEDIALIT FINALS p.4 Context: Verbal and Non-Verbal Communication background is assumed; review media-literacy-finals-refined.md:line-178 if unfamiliar.",,qa,media-literacy finals verbal-and-non-verbal-communication auto,,,Verbal and Non-Verbal Communication,media-literacy-finals-refined.md:line-178,f2177a206b7d9304
What is component 3 of 3 in Negative effects of media?,Misuse and abuse,Explanation: Spread of misinformation; Identity theft; Misuse and abuse Source: MEDIALIT FINALS p.9 Context: Media Effects and Society background is assumed; review media-literacy-finals-refined.md:line-320 if unfamiliar.,"SIM: Spread of misinformation, Identity theft, Misuse and abuse",qa,media-literacy finals media-effects-and-society auto,,,Media Effects and Society,media-literacy-finals-refined.md:line-320,db70c8d25e8c689c
What is component 1 of 3 in The characteristics of a language?,Symbolic — a word is associated with a concrete or abstract meaning,Explanation: Symbolic — a word is associated with a concrete or abstract meaning; Follows a set of rules — grammar; Relational and cultural — meaning can change based on culture Source: MEDIALIT FINALS p.4 Context: Verbal and Non-Verbal Communication background is assumed; review media-literacy-finals-refined.md:line-198 if unfamiliar.,"SFR: Symbolic — a word is associated with a concrete or abstract meaning, Follows a set of rules — grammar, Relational and cultural — meaning can change based on culture",qa,media-literacy finals verbal-and-non-verbal-communication auto,,,Verbal and Non-Verbal Communication,media-literacy-finals-refined.md:line-198,fac81b1bc7ae33d1
Complete: ... collective noun for all communication mediums; a ___ is the singular form (e.g. television is ...,Medium,Explanation: Media is a collective noun for all communication mediums; a Medium is the singular form (e.g. television is a broadcast medium). Source: MEDIALIT FINALS p.5 Context: Information and Media Literacy background is assumed; review media-literacy-finals-refined.md:line-256 if unfamiliar.,,qa,media-literacy finals information-and-media-literacy auto,,,Information and Media Literacy,media-literacy-finals-refined.md:line-256,2948e6e57e5bf68c
"Complete: ... human space and distance in communication, while ___ is the use of time to convey ...",Chronemics,"Explanation: Proxemics is the study of human space and distance in communication, while Chronemics is the use of time to convey meaning. Source: MEDIALIT FINALS p.4 Context: Verbal and Non-Verbal Communication background is assumed; review media-literacy-finals-refined.md:line-183 if unfamiliar.",,qa,media-literacy finals verbal-and-non-verbal-communication auto,,,Verbal and Non-Verbal Communication,media-literacy-finals-refined.md:line-183,330005995d7ef128
Complete: ... media and the ability to locate content; ___ means examine and interpret the main ideas ...,Analyze,"Explanation: In media literacy, Access means where you find media and the ability to locate content; Analyze means examine and interpret the main ideas to make sense of the message. Source: MEDIALIT FINALS p.1 Context: Media and Media Literacy background is assumed; review media-literacy-finals-refined.md:line-28 if unfamiliar.",,qa,media-literacy finals media-and-media-literacy auto,,,Media and Media Literacy,media-literacy-finals-refined.md:line-28,3cd2472a28b09b5e
What is component 6 of 6 in The aspects of language?,Morphology,Explanation: Semantics; Syntax; Pragmatics; Phonetics; Phonology; Morphology Source: MEDIALIT FINALS p.4 Context: Verbal and Non-Verbal Communication background is assumed; review media-literacy-finals-refined.md:line-203 if unfamiliar.,"SSPPPM: Semantics, Syntax, Pragmatics, Phonetics, Phonology, Morphology",qa,media-literacy finals verbal-and-non-verbal-communication auto,,,Verbal and Non-Verbal Communication,media-literacy-finals-refined.md:line-203,3912dde3225d0a71
Complete: ... where and whom the media message originates; ___ means generate media content to share responsibly ...,Create,"Explanation: In media literacy, Evaluate means examine from where and whom the media message originates; Create means generate media content to share responsibly with others. Source: MEDIALIT FINALS p.1 Context: Media and Media Literacy background is assumed; review media-literacy-finals-refined.md:line-38 if unfamiliar.",,qa,media-literacy finals media-and-media-literacy auto,,,Media and Media Literacy,media-literacy-finals-refined.md:line-38,615deb33307ce716
What is component 3 of 6 in The types of non-verbal communication?,Vocalics / Paralinguistics,Explanation: Kinesics; Haptics; Vocalics / Paralinguistics; Proxemics; Chronemics; Artifacts and Environment Source: MEDIALIT FINALS p.4 Context: Verbal and Non-Verbal Communication background is assumed; review media-literacy-finals-refined.md:line-163 if unfamiliar.,"KHVPCA: Kinesics, Haptics, Vocalics / Paralinguistics, Proxemics, Chronemics, Artifacts and Environment",qa,media-literacy finals verbal-and-non-verbal-communication auto,,,Verbal and Non-Verbal Communication,media-literacy-finals-refined.md:line-163,a27b491498d6e8bd
What is component 1 of 4 in Authority is constructed and contextual; Information creation as a process; Information?,value,Explanation: Authority is constructed and contextual; Information creation as a process; Information has value; Research as inquiry; Scholarship as conversation; Searching as strategic exploration Source: MEDIALIT FINALS p.5 Context: Information and Media Literacy background is assumed; review media-literacy-finals-refined.md:line-246 if unfamiliar.,"VRSS: value, Research as inquiry, Scholarship as conversation, Searching as strategic exploration",qa,media-literacy finals information-and-media-literacy auto,,,Information and Media Literacy,media-literacy-finals-refined.md:line-246,77bfb02641d5adb8
Complete: ___ is the study of words and how ...,Morphology,"Explanation: Morphology is the study of words and how they are formed (e.g. why the plural of ""foot"" is ""feet"" but the plural of ""boot"" is ""boots""). Source: MEDIALIT FINALS p.4 Context: Verbal and Non-Verbal Communication background is assumed; review media-literacy-finals-refined.md:line-233 if unfamiliar.",,qa,media-literacy finals verbal-and-non-verbal-communication auto,,,Verbal and Non-Verbal Communication,media-literacy-finals-refined.md:line-233,e493e1e2b489fb5f
What is component 2 of 3 in Negative effects of media?,Identity theft,Explanation: Spread of misinformation; Identity theft; Misuse and abuse Source: MEDIALIT FINALS p.9 Context: Media Effects and Society background is assumed; review media-literacy-finals-refined.md:line-320 if unfamiliar.,"SIM: Spread of misinformation, Identity theft, Misuse and abuse",qa,media-literacy finals media-effects-and-society auto,,,Media Effects and Society,media-literacy-finals-refined.md:line-320,fc7b312725c0d62a
What is component 2 of 3 in The three types of signs?,Symbol,Explanation: Icon; Symbol; Code Source: MEDIALIT FINALS p.4 Context: Verbal and Non-Verbal Communication background is assumed; review media-literacy-finals-refined.md:line-143 if unfamiliar.,"ISC: Icon, Symbol, Code",qa,media-literacy finals verbal-and-non-verbal-communication auto,,,Verbal and Non-Verbal Communication,media-literacy-finals-refined.md:line-143,b62764673326c1b4
What is component 2 of 5 in The five components of the communication process?,Channel,Explanation: Source; Channel; Message; Receiver; Feedback Source: MEDIALIT FINALS p.2 Context: Communication Process and Literacies background is assumed; review media-literacy-finals-refined.md:line-71 if unfamiliar.,"SCMRF: Source, Channel, Message, Receiver, Feedback",qa,media-literacy finals communication-process-and-literacies auto,,,Communication Process and Literacies,media-literacy-finals-refined.md:line-71,43885a575e44e444
What is component 6 of 6 in The types of non-verbal communication?,Artifacts and Environment,Explanation: Kinesics; Haptics; Vocalics / Paralinguistics; Proxemics; Chronemics; Artifacts and Environment Source: MEDIALIT FINALS p.4 Context: Verbal and Non-Verbal Communication background is assumed; review media-literacy-finals-refined.md:line-163 if unfamiliar.,"KHVPCA: Kinesics, Haptics, Vocalics / Paralinguistics, Proxemics, Chronemics, Artifacts and Environment",qa,media-literacy finals verbal-and-non-verbal-communication auto,,,Verbal and Non-Verbal Communication,media-literacy-finals-refined.md:line-163,ed941c6cdc276cf3
What is component 3 of 3 in three main advantages of MOOCs in the handout?,Economy,Explanation: MOOCs can reach varied learners / support teaching experimentation / and reduce attendance barriers. Source: MEDIALIT FINALS p.23 Context: MOOCs and Ubiquitous Learning background is assumed; review media-literacy-finals-refined.md:line-676 if unfamiliar.,"RPE: Reachability, Pedagogy experimentation, Economy",qa,media-literacy finals mooc moocs-and-ubiquitous-learning auto,,,MOOCs and Ubiquitous Learning,media-literacy-finals-refined.md:line-676,4aa3698a964a72e1
"Complete: ... study of the meaning behind words, while ___ is the study of sentence structure, grammar, ...",Syntax,"Explanation: Semantics is the study of the meaning behind words, while Syntax is the study of sentence structure, grammar, and how sentences are formed. Source: MEDIALIT FINALS p.4 Context: Verbal and Non-Verbal Communication background is assumed; review media-literacy-finals-refined.md:line-213 if unfamiliar.",,qa,media-literacy finals verbal-and-non-verbal-communication auto,,,Verbal and Non-Verbal Communication,media-literacy-finals-refined.md:line-213,16560dbf5d647857
Which term means: They have a high dropout rate?,a common completion problem with MOOCs,Explanation: Many enrolled students do not finish their courses. Source: MEDIALIT FINALS p.23 Context: MOOCs and Ubiquitous Learning background is assumed; review media-literacy-finals-refined.md:line-681 if unfamiliar.,,reverse,media-literacy finals mooc moocs-and-ubiquitous-learning auto,,,MOOCs and Ubiquitous Learning,media-literacy-finals-refined.md:line-681,c79d0a2de228b14f
Complete: ___ (paralinguistics) is technically how people communicate using their voices.,Vocalics,Explanation: Vocalics (paralinguistics) is technically how people communicate using their voices. Source: MEDIALIT FINALS p.4 Context: Verbal and Non-Verbal Communication background is assumed; review media-literacy-finals-refined.md:line-188 if unfamiliar.,,qa,media-literacy finals verbal-and-non-verbal-communication auto,,,Verbal and Non-Verbal Communication,media-literacy-finals-refined.md:line-188,56f0024ea4bd6e02
"Complete: ... who receives and interprets the message, and ___ is the receiver's response back to the ...",Feedback,"Explanation: In the communication process, the Receiver is the person or group who receives and interprets the message, and Feedback is the receiver's response back to the sender confirming the message was received and understood. Source: MEDIALIT FINALS p.2 Context: Communication Process and Literacies background is assumed; review media-literacy-finals-refined.md:line-91 if unfamiliar.",,qa,media-literacy finals communication-process-and-literacies auto,,,Communication Process and Literacies,media-literacy-finals-refined.md:line-91,4dd4e5dfcf7ae187
"Complete: ... posture, eye contact, and facial expressions, while ___ is communication expressed through the sense of ...",Haptics,"Explanation: Kinesics is the study of communication through body movement, posture, eye contact, and facial expressions, while Haptics is communication expressed through the sense of touch. Source: MEDIALIT FINALS p.4 Context: Verbal and Non-Verbal Communication background is assumed; review media-literacy-finals-refined.md:line-173 if unfamiliar.",,qa,media-literacy finals verbal-and-non-verbal-communication auto,,,Verbal and Non-Verbal Communication,media-literacy-finals-refined.md:line-173,76a0eb64db1d46f5
What is component 6 of 6 in The six skills in the media literacy definition (NAMLE)?,Act,Explanation: Access; Analyze; Evaluate; Create; Communicate; Act Source: MEDIALIT FINALS p.1 Context: Media and Media Literacy background is assumed; review media-literacy-finals-refined.md:line-18 if unfamiliar.,"AAECCA: Access, Analyze, Evaluate, Create, Communicate, Act",qa,media-literacy finals media-and-media-literacy auto,,,Media and Media Literacy,media-literacy-finals-refined.md:line-18,8c9ba9874a3231b6
What is component 1 of 6 in The aspects of language?,Semantics,Explanation: Semantics; Syntax; Pragmatics; Phonetics; Phonology; Morphology Source: MEDIALIT FINALS p.4 Context: Verbal and Non-Verbal Communication background is assumed; review media-literacy-finals-refined.md:line-203 if unfamiliar.,"SSPPPM: Semantics, Syntax, Pragmatics, Phonetics, Phonology, Morphology",qa,media-literacy finals verbal-and-non-verbal-communication auto,,,Verbal and Non-Verbal Communication,media-literacy-finals-refined.md:line-203,b2ab99f7b2a11c24
What is information literacy (broad definition)?,Using information appropriately / ethically / and efficiently to develop oneself / others / and society; the ability to think critically about information — a combination of research / technology / and communication skills.,"Explanation: Using information appropriately, ethically, and efficiently to develop oneself, others, and society; the ability to think critically about information — a combination of research, technology, and communication skills. Source: MEDIALIT FINALS p.5 Context: Information and Media Literacy background is assumed; review media-literacy-finals-refined.md:line-241 if unfamiliar.",,qa,media-literacy finals information-and-media-literacy auto,,,Information and Media Literacy,media-literacy-finals-refined.md:line-241,701e35362e522b27
What is component 1 of 3 in The three types of signs?,Icon,Explanation: Icon; Symbol; Code Source: MEDIALIT FINALS p.4 Context: Verbal and Non-Verbal Communication background is assumed; review media-literacy-finals-refined.md:line-143 if unfamiliar.,"ISC: Icon, Symbol, Code",qa,media-literacy finals verbal-and-non-verbal-communication auto,,,Verbal and Non-Verbal Communication,media-literacy-finals-refined.md:line-143,d4b9f9f80ab51c68
What is component 1 of 3 in Negative effects of media?,Spread of misinformation,Explanation: Spread of misinformation; Identity theft; Misuse and abuse Source: MEDIALIT FINALS p.9 Context: Media Effects and Society background is assumed; review media-literacy-finals-refined.md:line-320 if unfamiliar.,"SIM: Spread of misinformation, Identity theft, Misuse and abuse",qa,media-literacy finals media-effects-and-society auto,,,Media Effects and Society,media-literacy-finals-refined.md:line-320,faca81646d6457d6
What is component 2 of 6 in The types of non-verbal communication?,Haptics,Explanation: Kinesics; Haptics; Vocalics / Paralinguistics; Proxemics; Chronemics; Artifacts and Environment Source: MEDIALIT FINALS p.4 Context: Verbal and Non-Verbal Communication background is assumed; review media-literacy-finals-refined.md:line-163 if unfamiliar.,"KHVPCA: Kinesics, Haptics, Vocalics / Paralinguistics, Proxemics, Chronemics, Artifacts and Environment",qa,media-literacy finals verbal-and-non-verbal-communication auto,,,Verbal and Non-Verbal Communication,media-literacy-finals-refined.md:line-163,009154d38876e50f
Which evaluation criterion checks evidence / balance / citations / grammar / and spelling?,Accuracy,Explanation: These signals help assess whether an information source is dependable. Source: MEDIALIT FINALS p.7 Context: Source Evaluation and Media Tradeoffs background is assumed; review media-literacy-finals-refined.md:line-642 if unfamiliar.,,qa,media-literacy finals evaluation source-evaluation-and-media-tradeoffs auto,,,Source Evaluation and Media Tradeoffs,media-literacy-finals-refined.md:line-642,8a4e3c5a0f41857b
What is component 2 of 2 in The two types of verbal communication?,Presentational — communicating information influenced by beliefs / bias / emotions / and culture,"Explanation: Representational — conveying factual information as it is; Presentational — communicating information influenced by beliefs, bias, emotions, and culture Source: MEDIALIT FINALS p.4 Context: Verbal and Non-Verbal Communication background is assumed; review media-literacy-finals-refined.md:line-193 if unfamiliar.",,qa,media-literacy finals verbal-and-non-verbal-communication auto,,,Verbal and Non-Verbal Communication,media-literacy-finals-refined.md:line-193,833463ab44c1ae29
What is component 1 of 3 in Examples of MOOCs?,Coursera,Explanation: Coursera; Udacity; edX Source: MEDIALIT FINALS p.23 Context: MOOCs and Ubiquitous Learning background is assumed; review media-literacy-finals-refined.md:line-602 if unfamiliar.,"CUE: Coursera, Udacity, edX",qa,media-literacy finals moocs-and-ubiquitous-learning auto,,,MOOCs and Ubiquitous Learning,media-literacy-finals-refined.md:line-602,0137b7efede70c98
Which term means: They are inaccessible without internet access?,a major accessibility limitation of websites,Explanation: Websites can reach worldwide audiences but depend on connectivity and computer literacy. Source: MEDIALIT FINALS p.8 Context: Source Evaluation and Media Tradeoffs background is assumed; review media-literacy-finals-refined.md:line-662 if unfamiliar.,,reverse,media-literacy finals media-tradeoffs source-evaluation-and-media-tradeoffs auto,,,Source Evaluation and Media Tradeoffs,media-literacy-finals-refined.md:line-662,ff3df2350dd40f71
Which term means: Intentionally false information spread to mislead or cause harm?,disinformation,"Explanation: False information that is DELIBERATELY created and spread to mislead, manipulate public opinion, or cause harm. Source: MEDIALIT FINALS p.9 Context: Media Effects and Society background is assumed; review media-literacy-finals-refined.md:line-330 if unfamiliar.",,reverse,media-literacy finals media-effects-and-society auto,,,Media Effects and Society,media-literacy-finals-refined.md:line-330,e586b3406f7b1123
What is component 5 of 5 in Being media literate requires you to…?,Identify the role of media in our culture,Explanation: Learn to think critically; Become smart consumers; Recognize points of view; Create media responsibly; Identify the role of media in our culture Source: MEDIALIT FINALS p.5 Context: Information and Media Literacy background is assumed; review media-literacy-finals-refined.md:line-266 if unfamiliar.,"LBRCI: Learn to think critically, Become smart consumers, Recognize points of view, Create media responsibly, Identify the role of media in our culture",qa,media-literacy finals information-and-media-literacy auto,,,Information and Media Literacy,media-literacy-finals-refined.md:line-266,b659bd80a576eceb
What is traditional media?,Any form of communication before the birth of digital media — e.g. radio / television / newspapers / books / and magazines.,"Explanation: Any form of communication before the birth of digital media — e.g. radio, television, newspapers, books, and magazines. Source: MEDIALIT FINALS p.1 Context: Media and Media Literacy background is assumed; review media-literacy-finals-refined.md:line-8 if unfamiliar.",,qa,media-literacy finals media-and-media-literacy auto,,,Media and Media Literacy,media-literacy-finals-refined.md:line-8,7b644ae4688d1dc5
Complete: ___ is the study of the meaning behind ...,Semantics,"Explanation: Semantics is the study of the meaning behind words, while Syntax is the study of sentence structure, grammar, and how sentences are formed. Source: MEDIALIT FINALS p.4 Context: Verbal and Non-Verbal Communication background is assumed; review media-literacy-finals-refined.md:line-208 if unfamiliar.",,qa,media-literacy finals verbal-and-non-verbal-communication auto,,,Verbal and Non-Verbal Communication,media-literacy-finals-refined.md:line-208,fc8a8c561b557e30
What is component 1 of 2 in The two main types of communication?,Verbal,Explanation: Verbal; Non-verbal Source: MEDIALIT FINALS p.2 Context: Communication Process and Literacies background is assumed; review media-literacy-finals-refined.md:line-66 if unfamiliar.,,qa,media-literacy finals communication-process-and-literacies auto,,,Communication Process and Literacies,media-literacy-finals-refined.md:line-66,8f4fdbd2abe992bb
What is component 1 of 5 in Being media literate requires you to…?,Learn to think critically,Explanation: Learn to think critically; Become smart consumers; Recognize points of view; Create media responsibly; Identify the role of media in our culture Source: MEDIALIT FINALS p.5 Context: Information and Media Literacy background is assumed; review media-literacy-finals-refined.md:line-266 if unfamiliar.,"LBRCI: Learn to think critically, Become smart consumers, Recognize points of view, Create media responsibly, Identify the role of media in our culture",qa,media-literacy finals information-and-media-literacy auto,,,Information and Media Literacy,media-literacy-finals-refined.md:line-266,f5de9b6852494efc
What is component 4 of 5 in The five components of the communication process?,Receiver,Explanation: Source; Channel; Message; Receiver; Feedback Source: MEDIALIT FINALS p.2 Context: Communication Process and Literacies background is assumed; review media-literacy-finals-refined.md:line-71 if unfamiliar.,"SCMRF: Source, Channel, Message, Receiver, Feedback",qa,media-literacy finals communication-process-and-literacies auto,,,Communication Process and Literacies,media-literacy-finals-refined.md:line-71,9764440e8acb17f5
Complete: The ___ (NAMLE) defines media literacy as the ability ...,National Association for Media Literacy Education,"Explanation: The National Association for Media Literacy Education (NAMLE) defines media literacy as the ability to access, evaluate, analyze, act, communicate and create using all forms of media. Source: MEDIALIT FINALS p.1 Context: Media and Media Literacy background is assumed; review media-literacy-finals-refined.md:line-13 if unfamiliar.",,qa,media-literacy finals media-and-media-literacy auto,,,Media and Media Literacy,media-literacy-finals-refined.md:line-13,432b75184079e2e8
What is component 2 of 3 in three main advantages of MOOCs in the handout?,Pedagogy experimentation,Explanation: MOOCs can reach varied learners / support teaching experimentation / and reduce attendance barriers. Source: MEDIALIT FINALS p.23 Context: MOOCs and Ubiquitous Learning background is assumed; review media-literacy-finals-refined.md:line-676 if unfamiliar.,"RPE: Reachability, Pedagogy experimentation, Economy",qa,media-literacy finals mooc moocs-and-ubiquitous-learning auto,,,MOOCs and Ubiquitous Learning,media-literacy-finals-refined.md:line-676,25e4be4c14f231ac
Which criterion asks whether a source is sufficiently current?,Currency,Explanation: Currency is checked through publication or update dates. Source: MEDIALIT FINALS p.7 Context: Source Evaluation and Media Tradeoffs background is assumed; review media-literacy-finals-refined.md:line-652 if unfamiliar.,,qa,media-literacy finals evaluation source-evaluation-and-media-tradeoffs auto,,,Source Evaluation and Media Tradeoffs,media-literacy-finals-refined.md:line-652,d639df9bd609bf6f
"Complete: ___ sources are synthesized, condensed information for a broader audience (e.g. encyclopedias, dictionaries, almanacs).",Tertiary,"Explanation: Tertiary sources are synthesized, condensed information for a broader audience (e.g. encyclopedias, dictionaries, almanacs). Source: MEDIALIT FINALS p.7 Context: Media and Information Sources background is assumed; review media-literacy-finals-refined.md:line-294 if unfamiliar.",,qa,media-literacy finals media-and-information-sources auto,,,Media and Information Sources,media-literacy-finals-refined.md:line-294,8c95d9d259e2b767
What is component 5 of 6 in The aspects of language?,Phonology,Explanation: Semantics; Syntax; Pragmatics; Phonetics; Phonology; Morphology Source: MEDIALIT FINALS p.4 Context: Verbal and Non-Verbal Communication background is assumed; review media-literacy-finals-refined.md:line-203 if unfamiliar.,"SSPPPM: Semantics, Syntax, Pragmatics, Phonetics, Phonology, Morphology",qa,media-literacy finals verbal-and-non-verbal-communication auto,,,Verbal and Non-Verbal Communication,media-literacy-finals-refined.md:line-203,9c301e9b7d86c1e0
What is component 1 of 5 in positive effects of media listed in the handout?,Improved learning,Explanation: The handout contrasts these benefits with misinformation / identity theft / and misuse. Source: MEDIALIT FINALS p.9 Context: Media Effects and Society background is assumed; review media-literacy-finals-refined.md:line-669 if unfamiliar.,"IEHBB: Improved learning, Easier data access, Human connection, Better information presentation, Better memory support",qa,media-literacy finals media-effects media-effects-and-society auto,,,Media Effects and Society,media-literacy-finals-refined.md:line-669,af2f7318100bcd4d
What is component 1 of 3 in The three components of the initial (linear) Shannon-Weaver model?,"Transmitter<br><img src=""media-literacy-shannon-weaver.jpeg"" alt=""The transmitter-channel-receiver flow visually cues the order of the linear Shannon-Weaver model.; this visual cue anchors the relationship tested by the card."">",Explanation: Transmitter; Channel; Receiver Source: MEDIALIT FINALS p.3 Context: Shannon-Weaver Model background is assumed; review media-literacy-finals-refined.md:line-115 if unfamiliar.,"TCR: Transmitter, Channel, Receiver",image-supported,media-literacy finals shannon-weaver-model auto,media-literacy-shannon-weaver.jpeg,The transmitter-channel-receiver flow visually cues the order of the linear Shannon-Weaver model.; this visual cue anchors the relationship tested by the card.,Shannon-Weaver Model,media-literacy-finals-refined.md:line-115,71d7450d907433b7
"What are ""media messages""?",The values and ideas that are promoted.,Explanation: The values and ideas that are promoted. Source: MEDIALIT FINALS p.1 Context: Media and Media Literacy background is assumed; review media-literacy-finals-refined.md:line-43 if unfamiliar.,,qa,media-literacy finals media-and-media-literacy auto,,,Media and Media Literacy,media-literacy-finals-refined.md:line-43,980f605d8611887a
"In the Shannon-Weaver model, what is the factor that affects/interferes with the communication process called?",Noise.,Explanation: Noise. Source: MEDIALIT FINALS p.3 Context: Shannon-Weaver Model background is assumed; review media-literacy-finals-refined.md:line-130 if unfamiliar.,,qa,media-literacy finals shannon-weaver-model auto,,,Shannon-Weaver Model,media-literacy-finals-refined.md:line-130,8fce8ba75987cc3d
What is technology literacy?,Using technology ethically and efficiently to improve one's knowledge and well-being — the capacity to use / manage / understand / comprehend / and critically evaluate technology to access / create / and communicate information effectively.,"Explanation: Using technology ethically and efficiently to improve one's knowledge and well-being — the capacity to use, manage, understand, comprehend, and critically evaluate technology to access, create, and communicate information effectively. Source: MEDIALIT FINALS p.2, p.6 Context: Communication Process and Literacies background is assumed; review media-literacy-finals-refined.md:line-101 if unfamiliar.",,qa,media-literacy finals communication-process-and-literacies auto,,,Communication Process and Literacies,media-literacy-finals-refined.md:line-101,fc476a5eb1c1db21
Which criterion asks whether an author has suitable qualifications?,Author credibility,Explanation: Author credibility checks the author and publisher's qualifications on the topic. Source: MEDIALIT FINALS p.7 Context: Source Evaluation and Media Tradeoffs background is assumed; review media-literacy-finals-refined.md:line-637 if unfamiliar.,,qa,media-literacy finals evaluation source-evaluation-and-media-tradeoffs auto,,,Source Evaluation and Media Tradeoffs,media-literacy-finals-refined.md:line-637,8a7e9717b2ad56ff
"Complete: ... the most common in MOOCs, while the ___ method has the student interpret available content ...",Connectivist,"Explanation: The Didactic MOOC teaching method is the traditional classroom approach (watching pre-recorded videos, reading materials) and is the most common in MOOCs, while the Connectivist method has the student interpret available content and present it for peer critique in an online forum. Source: MEDIALIT FINALS p.23 Context: MOOCs and Ubiquitous Learning background is assumed; review media-literacy-finals-refined.md:line-612 if unfamiliar.",,qa,media-literacy finals moocs-and-ubiquitous-learning auto,,,MOOCs and Ubiquitous Learning,media-literacy-finals-refined.md:line-612,9eb0d3fd58489703
Which term means: Print media (printed content such as newspapers / books / magazines / flyers / newsletters)?,the oldest form of media,"Explanation: Print media (printed content such as newspapers, books, magazines, flyers, newsletters). Source: MEDIALIT FINALS p.7 Context: Media and Information Sources background is assumed; review media-literacy-finals-refined.md:line-274 if unfamiliar.",,reverse,media-literacy finals media-and-information-sources auto,,,Media and Information Sources,media-literacy-finals-refined.md:line-274,bacea2d86736b734
What is component 5 of 6 in The types of non-verbal communication?,Chronemics,Explanation: Kinesics; Haptics; Vocalics / Paralinguistics; Proxemics; Chronemics; Artifacts and Environment Source: MEDIALIT FINALS p.4 Context: Verbal and Non-Verbal Communication background is assumed; review media-literacy-finals-refined.md:line-163 if unfamiliar.,"KHVPCA: Kinesics, Haptics, Vocalics / Paralinguistics, Proxemics, Chronemics, Artifacts and Environment",qa,media-literacy finals verbal-and-non-verbal-communication auto,,,Verbal and Non-Verbal Communication,media-literacy-finals-refined.md:line-163,879447bacbf0db1f
What is component 3 of 4 in Authority is constructed and contextual; Information creation as a process; Information?,Scholarship as conversation,Explanation: Authority is constructed and contextual; Information creation as a process; Information has value; Research as inquiry; Scholarship as conversation; Searching as strategic exploration Source: MEDIALIT FINALS p.5 Context: Information and Media Literacy background is assumed; review media-literacy-finals-refined.md:line-246 if unfamiliar.,"VRSS: value, Research as inquiry, Scholarship as conversation, Searching as strategic exploration",qa,media-literacy finals information-and-media-literacy auto,,,Information and Media Literacy,media-literacy-finals-refined.md:line-246,3db3c369bd746b02
What is component 2 of 5 in positive effects of media listed in the handout?,Easier data access,Explanation: The handout contrasts these benefits with misinformation / identity theft / and misuse. Source: MEDIALIT FINALS p.9 Context: Media Effects and Society background is assumed; review media-literacy-finals-refined.md:line-669 if unfamiliar.,"IEHBB: Improved learning, Easier data access, Human connection, Better information presentation, Better memory support",qa,media-literacy finals media-effects media-effects-and-society auto,,,Media Effects and Society,media-literacy-finals-refined.md:line-669,0d21ba7309d67d46
"Complete: ... of computers (started in the 1930s) used ___ that ""open"" and ""close"" to relay electrical ...",vacuum tubes,"Explanation: The first generation of computers (started in the 1930s) used vacuum tubes that ""open"" and ""close"" to relay electrical signals (e.g. Colossus, 1943). Source: MEDIALIT FINALS p.20 Context: Computer Generations I-III background is assumed; review media-literacy-finals-refined.md:line-533 if unfamiliar.",,qa,media-literacy finals computer-generations-i-iii auto,,,Computer Generations I-III,media-literacy-finals-refined.md:line-533,dd8ef8c3eafc3b31
"Complete: In 1823, Charles Babbage invented the ___, commissioned by the British Government to process ...",Differential Machine,"Explanation: In 1823, Charles Babbage invented the Differential Machine, commissioned by the British Government to process basic mathematical computations. Source: MEDIALIT FINALS p.13 Context: Telegraph and Early Computing background is assumed; review media-literacy-finals-refined.md:line-417 if unfamiliar.",,qa,media-literacy finals telegraph-and-early-computing auto,,,Telegraph and Early Computing,media-literacy-finals-refined.md:line-417,8b64a1ee35adefb6
What is component 3 of 5 in positive effects of media listed in the handout?,Human connection,Explanation: The handout contrasts these benefits with misinformation / identity theft / and misuse. Source: MEDIALIT FINALS p.9 Context: Media Effects and Society background is assumed; review media-literacy-finals-refined.md:line-669 if unfamiliar.,"IEHBB: Improved learning, Easier data access, Human connection, Better information presentation, Better memory support",qa,media-literacy finals media-effects media-effects-and-society auto,,,Media Effects and Society,media-literacy-finals-refined.md:line-669,fb03be17c923c8d9
Who first introduced the communication process (the Shannon-Weaver model)?,American mathematicians Claude Shannon and Warren Weaver.,Explanation: American mathematicians Claude Shannon and Warren Weaver. Source: MEDIALIT FINALS p.3 Context: Shannon-Weaver Model background is assumed; review media-literacy-finals-refined.md:line-109 if unfamiliar.,,qa,media-literacy finals shannon-weaver-model auto,,,Shannon-Weaver Model,media-literacy-finals-refined.md:line-109,29a875b70ebfe71b
"Who is considered the first computer programmer, and why?",Ada Lovelace — for the programs she developed for Charles Babbage's Analytical Engine.,Explanation: Ada Lovelace — for the programs she developed for Charles Babbage's Analytical Engine. Source: MEDIALIT FINALS p.14 Context: Analytical Engine and Photography background is assumed; review media-literacy-finals-refined.md:line-430 if unfamiliar.,,qa,media-literacy finals analytical-engine-and-photography auto,,,Analytical Engine and Photography,media-literacy-finals-refined.md:line-430,55b3de6c102028fb
What is component 3 of 3 in The three types of signs?,Code,Explanation: Icon; Symbol; Code Source: MEDIALIT FINALS p.4 Context: Verbal and Non-Verbal Communication background is assumed; review media-literacy-finals-refined.md:line-143 if unfamiliar.,"ISC: Icon, Symbol, Code",qa,media-literacy finals verbal-and-non-verbal-communication auto,,,Verbal and Non-Verbal Communication,media-literacy-finals-refined.md:line-143,3a3255695276315e
"Complete: ... credibility: .org = organization, .com = commercial, ___ = government.",.gov,"Explanation: Checking a website's domain extension helps judge credibility: .org = organization, .com = commercial, .gov = government. Source: MEDIALIT FINALS p.8 Context: Source Evaluation and Media Tradeoffs background is assumed; review media-literacy-finals-refined.md:line-312 if unfamiliar.",,qa,media-literacy finals source-evaluation-and-media-tradeoffs auto,,,Source Evaluation and Media Tradeoffs,media-literacy-finals-refined.md:line-312,44a49b7445acd0f3
Complete: ___ sources come from hands-on research and data ...,Primary,"Explanation: Primary sources come from hands-on research and data gathering, closely related to the original information (e.g. art, interviews, diaries, speeches). Source: MEDIALIT FINALS p.7 Context: Media and Information Sources background is assumed; review media-literacy-finals-refined.md:line-284 if unfamiliar.",,qa,media-literacy finals media-and-information-sources auto,,,Media and Information Sources,media-literacy-finals-refined.md:line-284,0129ea41cee38545
What is information literacy?,The ability to find / evaluate / and use information effectively to accomplish a specific purpose.,"Explanation: The ability to find, evaluate, and use information effectively to accomplish a specific purpose. Source: MEDIALIT FINALS p.2 Context: Communication Process and Literacies background is assumed; review media-literacy-finals-refined.md:line-96 if unfamiliar.",,qa,media-literacy finals communication-process-and-literacies auto,,,Communication Process and Literacies,media-literacy-finals-refined.md:line-96,5d93aa1eaa2e2ec3
"What does ""media message interpretation"" mean?",Each audience member interprets a message based on their own experiences and opinions / so the creator's intended message isn't always what the audience perceives.,"Explanation: Each audience member interprets a message based on their own experiences and opinions, so the creator's intended message isn't always what the audience perceives. Source: MEDIALIT FINALS p.1 Context: Media and Media Literacy background is assumed; review media-literacy-finals-refined.md:line-53 if unfamiliar.",,qa,media-literacy finals media-and-media-literacy auto,,,Media and Media Literacy,media-literacy-finals-refined.md:line-53,5b0624ae49f6dde4
What is component 4 of 4 in four shared MIL skill stages?,Use,Explanation: Information / media / and technology literacy each require identifying needs / locating resources / evaluating fit or credibility / and using resources ethically. Source: MEDIALIT FINALS p.6 Context: Technology Literacy and MIL Skills background is assumed; review media-literacy-finals-refined.md:line-630 if unfamiliar.,"ILEU: Identify, Locate, Evaluate, Use",qa,media-literacy finals mil-skills technology-literacy-and-mil-skills auto,,,Technology Literacy and MIL Skills,media-literacy-finals-refined.md:line-630,dbe00c538b292be1
"What does MOOC stand for, and what is it?",Massive Open Online Courses — distance learning that handles a massive number of students / is open/free / done online / and structured as courses (syllabus / materials / evaluations).,"Explanation: Massive Open Online Courses — distance learning that handles a massive number of students, is open/free, done online, and structured as courses (syllabus, materials, evaluations). Source: MEDIALIT FINALS p.23 Context: MOOCs and Ubiquitous Learning background is assumed; review media-literacy-finals-refined.md:line-597 if unfamiliar.",,qa,media-literacy finals moocs-and-ubiquitous-learning auto,,,MOOCs and Ubiquitous Learning,media-literacy-finals-refined.md:line-597,a67684389218ab32
What is component 2 of 5 in Being media literate requires you to…?,Become smart consumers,Explanation: Learn to think critically; Become smart consumers; Recognize points of view; Create media responsibly; Identify the role of media in our culture Source: MEDIALIT FINALS p.5 Context: Information and Media Literacy background is assumed; review media-literacy-finals-refined.md:line-266 if unfamiliar.,"LBRCI: Learn to think critically, Become smart consumers, Recognize points of view, Create media responsibly, Identify the role of media in our culture",qa,media-literacy finals information-and-media-literacy auto,,,Information and Media Literacy,media-literacy-finals-refined.md:line-266,723fd4b9188320dc
Complete: The second generation began when ___ replaced vacuum tubes in 1954; it saw ...,transistors,"Explanation: The second generation began when transistors replaced vacuum tubes in 1954; it saw programs like FORTRAN, ALGOL, and COBOL. Source: MEDIALIT FINALS p.20 Context: Computer Generations I-III background is assumed; review media-literacy-finals-refined.md:line-543 if unfamiliar.",,qa,media-literacy finals computer-generations-i-iii auto,,,Computer Generations I-III,media-literacy-finals-refined.md:line-543,05076a8c4646e10e
What is component 2 of 6 in The six skills in the media literacy definition (NAMLE)?,Analyze,Explanation: Access; Analyze; Evaluate; Create; Communicate; Act Source: MEDIALIT FINALS p.1 Context: Media and Media Literacy background is assumed; review media-literacy-finals-refined.md:line-18 if unfamiliar.,"AAECCA: Access, Analyze, Evaluate, Create, Communicate, Act",qa,media-literacy finals media-and-media-literacy auto,,,Media and Media Literacy,media-literacy-finals-refined.md:line-18,30264210ce3f4136
What is component 2 of 6 in The aspects of language?,Syntax,Explanation: Semantics; Syntax; Pragmatics; Phonetics; Phonology; Morphology Source: MEDIALIT FINALS p.4 Context: Verbal and Non-Verbal Communication background is assumed; review media-literacy-finals-refined.md:line-203 if unfamiliar.,"SSPPPM: Semantics, Syntax, Pragmatics, Phonetics, Phonology, Morphology",qa,media-literacy finals verbal-and-non-verbal-communication auto,,,Verbal and Non-Verbal Communication,media-literacy-finals-refined.md:line-203,5b9947c858ccc91e
What is component 3 of 4 in four shared MIL skill stages?,Evaluate,Explanation: Information / media / and technology literacy each require identifying needs / locating resources / evaluating fit or credibility / and using resources ethically. Source: MEDIALIT FINALS p.6 Context: Technology Literacy and MIL Skills background is assumed; review media-literacy-finals-refined.md:line-630 if unfamiliar.,"ILEU: Identify, Locate, Evaluate, Use",qa,media-literacy finals mil-skills technology-literacy-and-mil-skills auto,,,Technology Literacy and MIL Skills,media-literacy-finals-refined.md:line-630,878f79ba0032e8bf
"Complete: The ___ generation introduced microcomputers, using large scale integration (LSI) and very large scale integration (VLSI).",fourth,"Explanation: The fourth generation introduced microcomputers, using large scale integration (LSI) and very large scale integration (VLSI). Source: MEDIALIT FINALS p.21 Context: Computer Generations IV-V background is assumed; review media-literacy-finals-refined.md:line-561 if unfamiliar.",,qa,media-literacy finals computer-generations-iv-v auto,,,Computer Generations IV-V,media-literacy-finals-refined.md:line-561,fb290a072436e5b2
What is component 2 of 3 in The three types of information sources?,Secondary,Explanation: Primary; Secondary; Tertiary Source: MEDIALIT FINALS p.7 Context: Media and Information Sources background is assumed; review media-literacy-finals-refined.md:line-279 if unfamiliar.,"PST: Primary, Secondary, Tertiary",qa,media-literacy finals media-and-information-sources auto,,,Media and Information Sources,media-literacy-finals-refined.md:line-279,35b7113b435d320b
What is component 4 of 5 in Being media literate requires you to…?,Create media responsibly,Explanation: Learn to think critically; Become smart consumers; Recognize points of view; Create media responsibly; Identify the role of media in our culture Source: MEDIALIT FINALS p.5 Context: Information and Media Literacy background is assumed; review media-literacy-finals-refined.md:line-266 if unfamiliar.,"LBRCI: Learn to think critically, Become smart consumers, Recognize points of view, Create media responsibly, Identify the role of media in our culture",qa,media-literacy finals information-and-media-literacy auto,,,Information and Media Literacy,media-literacy-finals-refined.md:line-266,92c41afe82b0d093
"Complete: In 1823, ___ invented the Differential Machine, commissioned by the ...",Charles Babbage,"Explanation: In 1823, Charles Babbage invented the Differential Machine, commissioned by the British Government to process basic mathematical computations. Source: MEDIALIT FINALS p.13 Context: Telegraph and Early Computing background is assumed; review media-literacy-finals-refined.md:line-412 if unfamiliar.",,qa,media-literacy finals telegraph-and-early-computing auto,,,Telegraph and Early Computing,media-literacy-finals-refined.md:line-412,5e51bda3d735699c
Who designed the telephone as both a receiver and transmitter of voice?,Alexander Graham Bell (a speech instructor).,Explanation: Alexander Graham Bell (a speech instructor). Source: MEDIALIT FINALS p.18 Context: Television Radio and Telephone background is assumed; review media-literacy-finals-refined.md:line-507 if unfamiliar.,,qa,media-literacy finals television-radio-and-telephone auto,,,Television Radio and Telephone,media-literacy-finals-refined.md:line-507,a06d30dd65cf261f
"Complete: The third generation centered on the ___ (microchip), which appeared in 1963 and saw ...",integrated circuit,"Explanation: The third generation centered on the integrated circuit (microchip), which appeared in 1963 and saw the birth of operating systems like UNIX. Source: MEDIALIT FINALS p.20 Context: Computer Generations I-III background is assumed; review media-literacy-finals-refined.md:line-553 if unfamiliar.",,qa,media-literacy finals computer-generations-i-iii auto,,,Computer Generations I-III,media-literacy-finals-refined.md:line-553,715fd3e63718eba1
What is component 5 of 5 in positive effects of media listed in the handout?,Better memory support,Explanation: The handout contrasts these benefits with misinformation / identity theft / and misuse. Source: MEDIALIT FINALS p.9 Context: Media Effects and Society background is assumed; review media-literacy-finals-refined.md:line-669 if unfamiliar.,"IEHBB: Improved learning, Easier data access, Human connection, Better information presentation, Better memory support",qa,media-literacy finals media-effects media-effects-and-society auto,,,Media Effects and Society,media-literacy-finals-refined.md:line-669,70e214d474aa24a9
What is component 1 of 3 in three main advantages of MOOCs in the handout?,Reachability,Explanation: MOOCs can reach varied learners / support teaching experimentation / and reduce attendance barriers. Source: MEDIALIT FINALS p.23 Context: MOOCs and Ubiquitous Learning background is assumed; review media-literacy-finals-refined.md:line-676 if unfamiliar.,"RPE: Reachability, Pedagogy experimentation, Economy",qa,media-literacy finals mooc moocs-and-ubiquitous-learning auto,,,MOOCs and Ubiquitous Learning,media-literacy-finals-refined.md:line-676,0aa358b3b738d9bf
Complete: ... into clay and was developed by the ___ in Mesopotamia around 3500–3200 BCE.,Sumerians,"Explanation: Cuneiform, the world's earliest known writing system, used wedge-shaped marks pressed into clay and was developed by the Sumerians in Mesopotamia around 3500–3200 BCE. Source: MEDIALIT FINALS p.10 Context: Prehistoric Communication and Writing background is assumed; review media-literacy-finals-refined.md:line-353 if unfamiliar.",,qa,media-literacy finals prehistoric-communication-and-writing auto,,,Prehistoric Communication and Writing,media-literacy-finals-refined.md:line-353,adeb124cd56110b8
What is communication?,The act or process of using words / sounds / signs / or behaviors to express or exchange information / ideas / thoughts / and feelings with someone else.,"Explanation: The act or process of using words, sounds, signs, or behaviors to express or exchange information, ideas, thoughts, and feelings with someone else. Source: MEDIALIT FINALS p.2 Context: Communication Process and Literacies background is assumed; review media-literacy-finals-refined.md:line-61 if unfamiliar.",,qa,media-literacy finals communication-process-and-literacies auto,,,Communication Process and Literacies,media-literacy-finals-refined.md:line-61,991e706e551aa241
Which term means: They cannot depict sound and motion?,one major limitation shared by newspapers / magazines / books / and journals,Explanation: Print media supports rereading and depth but lacks audiovisual motion. Source: MEDIALIT FINALS p.8 Context: Source Evaluation and Media Tradeoffs background is assumed; review media-literacy-finals-refined.md:line-657 if unfamiliar.,,reverse,media-literacy finals media-tradeoffs source-evaluation-and-media-tradeoffs auto,,,Source Evaluation and Media Tradeoffs,media-literacy-finals-refined.md:line-657,bf30e264c1106acc
Complete: The ___ was developed by the Phoenicians in the ...,Alphabet,"Explanation: The Alphabet was developed by the Phoenicians in the 15th Century B.C.; unlike hieroglyphics (pictures for ideas), it uses symbols to represent a letter. It was later adapted by the Greeks and Romans in the 8th Century. Source: MEDIALIT FINALS p.11 Context: Written Word and Printing background is assumed; review media-literacy-finals-refined.md:line-366 if unfamiliar.",,qa,media-literacy finals written-word-and-printing auto,,,Written Word and Printing,media-literacy-finals-refined.md:line-366,8368aa0e797f72ce
"Complete: In ___, Shannon and Weaver wrote ""A Mathematical Theory ...",1948,"Explanation: In 1948, Shannon and Weaver wrote ""A Mathematical Theory of Communication"" in the Bell System Technical Journal, which became the Shannon-Weaver model of communication. Source: MEDIALIT FINALS p.3 Context: Shannon-Weaver Model background is assumed; review media-literacy-finals-refined.md:line-120 if unfamiliar.",,qa,media-literacy finals shannon-weaver-model auto,,,Shannon-Weaver Model,media-literacy-finals-refined.md:line-120,45b6debe85dfc235
"Complete: The world's first modern computer was ___ (Electronic Numerical Integrator and Computer), the first ...",ENIAC,"Explanation: The world's first modern computer was ENIAC (Electronic Numerical Integrator and Computer), the first general-purpose electronic digital computer that could be reprogrammed. Source: MEDIALIT FINALS p.14 Context: Analytical Engine and Photography background is assumed; review media-literacy-finals-refined.md:line-435 if unfamiliar.",,qa,media-literacy finals analytical-engine-and-photography auto,,,Analytical Engine and Photography,media-literacy-finals-refined.md:line-435,c3db8321cb258072
"Complete: ___ was a formal, pictorial ""sacred carving"" writing ...",Hieroglyphics,"Explanation: Hieroglyphics was a formal, pictorial ""sacred carving"" writing system used in Ancient Egypt from roughly 3300 BCE. Source: MEDIALIT FINALS p.10 Context: Prehistoric Communication and Writing background is assumed; review media-literacy-finals-refined.md:line-358 if unfamiliar.",,qa,media-literacy finals prehistoric-communication-and-writing auto,,,Prehistoric Communication and Writing,media-literacy-finals-refined.md:line-358,3a72794d125d9f78
"Complete: The fourth generation introduced ___, using large scale integration (LSI) and very large scale integration (VLSI).",microcomputers,"Explanation: The fourth generation introduced microcomputers, using large scale integration (LSI) and very large scale integration (VLSI). Source: MEDIALIT FINALS p.21 Context: Computer Generations IV-V background is assumed; review media-literacy-finals-refined.md:line-566 if unfamiliar.",,qa,media-literacy finals computer-generations-iv-v auto,,,Computer Generations IV-V,media-literacy-finals-refined.md:line-566,36bb3e53dc732a66
Complete: The ___ was invented by Samuel F. B. Morse ...,telegraph,"Explanation: The telegraph was invented by Samuel F. B. Morse and Alfred Vail in the 1830s as a way to send coded messages through an electrical current, replacing the postal system as the fastest way to send messages. Source: MEDIALIT FINALS p.13 Context: Telegraph and Early Computing background is assumed; review media-literacy-finals-refined.md:line-397 if unfamiliar.",,qa,media-literacy finals telegraph-and-early-computing auto,,,Telegraph and Early Computing,media-literacy-finals-refined.md:line-397,a39ef17b709df657
"Complete: ... extension helps judge credibility: .org = organization, ___ = commercial, .gov = government.",.com,"Explanation: Checking a website's domain extension helps judge credibility: .org = organization, .com = commercial, .gov = government. Source: MEDIALIT FINALS p.8 Context: Source Evaluation and Media Tradeoffs background is assumed; review media-literacy-finals-refined.md:line-307 if unfamiliar.",,qa,media-literacy finals source-evaluation-and-media-tradeoffs auto,,,Source Evaluation and Media Tradeoffs,media-literacy-finals-refined.md:line-307,06dea7f1567cd71a
Complete: The ___ generation of computers (started in the 1930s) ...,first,"Explanation: The first generation of computers (started in the 1930s) used vacuum tubes that ""open"" and ""close"" to relay electrical signals (e.g. Colossus, 1943). Source: MEDIALIT FINALS p.20 Context: Computer Generations I-III background is assumed; review media-literacy-finals-refined.md:line-528 if unfamiliar.",,qa,media-literacy finals computer-generations-i-iii auto,,,Computer Generations I-III,media-literacy-finals-refined.md:line-528,c5716944884cf355
What is component 2 of 3 in Examples of MOOCs?,Udacity,Explanation: Coursera; Udacity; edX Source: MEDIALIT FINALS p.23 Context: MOOCs and Ubiquitous Learning background is assumed; review media-literacy-finals-refined.md:line-602 if unfamiliar.,"CUE: Coursera, Udacity, edX",qa,media-literacy finals moocs-and-ubiquitous-learning auto,,,MOOCs and Ubiquitous Learning,media-literacy-finals-refined.md:line-602,560beef0ea3fbe0a
Complete: ___ (1826) records and copies an image using ...,Photography,Explanation: Photography (1826) records and copies an image using light onto a light-sensitive material; the earliest form of camera is the Camera Obscura. Source: MEDIALIT FINALS p.14 Context: Analytical Engine and Photography background is assumed; review media-literacy-finals-refined.md:line-440 if unfamiliar.,,qa,media-literacy finals analytical-engine-and-photography auto,,,Analytical Engine and Photography,media-literacy-finals-refined.md:line-440,e40d7cb7ab7abc1f
Which term means: The ethical and efficient use / management / understanding / and evaluation of technology?,technology literacy,Explanation: Technology literacy includes choosing and operating tools needed to access and communicate information. Source: MEDIALIT FINALS p.6 Context: Technology Literacy and MIL Skills background is assumed; review media-literacy-finals-refined.md:line-625 if unfamiliar.,,reverse,media-literacy finals technology-literacy technology-literacy-and-mil-skills auto,,,Technology Literacy and MIL Skills,media-literacy-finals-refined.md:line-625,ddb435b8524c0a6f
Complete: The Alphabet was developed by the ___ in the 15th Century B.C.; unlike hieroglyphics ...,Phoenicians,"Explanation: The Alphabet was developed by the Phoenicians in the 15th Century B.C.; unlike hieroglyphics (pictures for ideas), it uses symbols to represent a letter. It was later adapted by the Greeks and Romans in the 8th Century. Source: MEDIALIT FINALS p.11 Context: Written Word and Printing background is assumed; review media-literacy-finals-refined.md:line-371 if unfamiliar.",,qa,media-literacy finals written-word-and-printing auto,,,Written Word and Printing,media-literacy-finals-refined.md:line-371,2f05a198ded01b16
What is component 2 of 3 in The three components of the initial (linear) Shannon-Weaver model?,"Channel<br><img src=""media-literacy-shannon-weaver.jpeg"" alt=""The transmitter-channel-receiver flow visually cues the order of the linear Shannon-Weaver model.; this visual cue anchors the relationship tested by the card."">",Explanation: Transmitter; Channel; Receiver Source: MEDIALIT FINALS p.3 Context: Shannon-Weaver Model background is assumed; review media-literacy-finals-refined.md:line-115 if unfamiliar.,"TCR: Transmitter, Channel, Receiver",image-supported,media-literacy finals shannon-weaver-model auto,media-literacy-shannon-weaver.jpeg,The transmitter-channel-receiver flow visually cues the order of the linear Shannon-Weaver model.; this visual cue anchors the relationship tested by the card.,Shannon-Weaver Model,media-literacy-finals-refined.md:line-115,c3e01167c97ed2cd
What is component 2 of 4 in Authority is constructed and contextual; Information creation as a process; Information?,Research as inquiry,Explanation: Authority is constructed and contextual; Information creation as a process; Information has value; Research as inquiry; Scholarship as conversation; Searching as strategic exploration Source: MEDIALIT FINALS p.5 Context: Information and Media Literacy background is assumed; review media-literacy-finals-refined.md:line-246 if unfamiliar.,"VRSS: value, Research as inquiry, Scholarship as conversation, Searching as strategic exploration",qa,media-literacy finals information-and-media-literacy auto,,,Information and Media Literacy,media-literacy-finals-refined.md:line-246,29d07235f7d7a704
"Complete: A ___ is something that stands for something else, ...",Symbol,"Explanation: A Symbol is something that stands for something else, usually an abstract object (e.g. a necklace symbolizing a mother's love). Source: MEDIALIT FINALS p.4 Context: Verbal and Non-Verbal Communication background is assumed; review media-literacy-finals-refined.md:line-153 if unfamiliar.",,qa,media-literacy finals verbal-and-non-verbal-communication auto,,,Verbal and Non-Verbal Communication,media-literacy-finals-refined.md:line-153,41074a68e1c0d8f7
"Complete: ... where the message comes from, and the ___ is the medium used to transmit the ...",Channel,"Explanation: In the communication process, the Source is where the message comes from, and the Channel is the medium used to transmit the message from sender to receiver. Source: MEDIALIT FINALS p.2 Context: Communication Process and Literacies background is assumed; review media-literacy-finals-refined.md:line-81 if unfamiliar.",,qa,media-literacy finals communication-process-and-literacies auto,,,Communication Process and Literacies,media-literacy-finals-refined.md:line-81,d327bfe2b339c267
"Complete: In media literacy, ___ means examine from where and whom the ...",Evaluate,"Explanation: In media literacy, Evaluate means examine from where and whom the media message originates; Create means generate media content to share responsibly with others. Source: MEDIALIT FINALS p.1 Context: Media and Media Literacy background is assumed; review media-literacy-finals-refined.md:line-33 if unfamiliar.",,qa,media-literacy finals media-and-media-literacy auto,,,Media and Media Literacy,media-literacy-finals-refined.md:line-33,657c4e3b10c5f5d7
"Complete: ___ sources are reviews, analysis, and summaries of ...",Secondary,"Explanation: Secondary sources are reviews, analysis, and summaries of primary and other secondary sources (e.g. biographies, journal articles). Source: MEDIALIT FINALS p.7 Context: Media and Information Sources background is assumed; review media-literacy-finals-refined.md:line-289 if unfamiliar.",,qa,media-literacy finals media-and-information-sources auto,,,Media and Information Sources,media-literacy-finals-refined.md:line-289,ab7a98a46420c0a5
"What did Heinrich Hertz prove, relevant to radio?",That electricity already exists in the air — a conductivity called radio waves.,Explanation: That electricity already exists in the air — a conductivity called radio waves. Source: MEDIALIT FINALS p.18 Context: Television Radio and Telephone background is assumed; review media-literacy-finals-refined.md:line-502 if unfamiliar.,,qa,media-literacy finals television-radio-and-telephone auto,,,Television Radio and Telephone,media-literacy-finals-refined.md:line-502,2dd4b0bd53ed1287
Complete: The first color photography was invented by ___ in 1907 using an autochrome process.,Auguste and Louis Lumiere,Explanation: The first color photography was invented by Auguste and Louis Lumiere in 1907 using an autochrome process. Source: MEDIALIT FINALS p.16 Context: Photographic Processes background is assumed; review media-literacy-finals-refined.md:line-466 if unfamiliar.,,qa,media-literacy finals photographic-processes auto,,,Photographic Processes,media-literacy-finals-refined.md:line-466,e4f5c34d6e815df1
What does the Social Learning Theory state about media?,Children and adolescents learn by observing and imitating what they see.,Explanation: Children and adolescents learn by observing and imitating what they see. Source: MEDIALIT FINALS p.9 Context: Media Effects and Society background is assumed; review media-literacy-finals-refined.md:line-335 if unfamiliar.,,qa,media-literacy finals media-effects-and-society auto,,,Media Effects and Society,media-literacy-finals-refined.md:line-335,79dea12f0a6de6e7
"Complete: In the communication process, the ___ is where the message comes from, and ...",Source,"Explanation: In the communication process, the Source is where the message comes from, and the Channel is the medium used to transmit the message from sender to receiver. Source: MEDIALIT FINALS p.2 Context: Communication Process and Literacies background is assumed; review media-literacy-finals-refined.md:line-76 if unfamiliar.",,qa,media-literacy finals communication-process-and-literacies auto,,,Communication Process and Literacies,media-literacy-finals-refined.md:line-76,54e1cd200136dbbf
Which term means: Learning supported by small connected computers embedded in the environment?,ubiquitous learning,"Explanation: Learning that uses ubiquitous computing — small, often hidden computers and software that connect to each other to fulfill a task (e.g. museum sensors that activate when a user is present); used to augment classroom learning. Source: MEDIALIT FINALS p.23 Context: MOOCs and Ubiquitous Learning background is assumed; review media-literacy-finals-refined.md:line-617 if unfamiliar.",,reverse,media-literacy finals moocs-and-ubiquitous-learning auto,,,MOOCs and Ubiquitous Learning,media-literacy-finals-refined.md:line-617,ce95d5810d9cffe7
Complete: The ___ generation began when transistors replaced vacuum tubes ...,second,"Explanation: The second generation began when transistors replaced vacuum tubes in 1954; it saw programs like FORTRAN, ALGOL, and COBOL. Source: MEDIALIT FINALS p.20 Context: Computer Generations I-III background is assumed; review media-literacy-finals-refined.md:line-538 if unfamiliar.",,qa,media-literacy finals computer-generations-i-iii auto,,,Computer Generations I-III,media-literacy-finals-refined.md:line-538,f945ea51fc53d23d
Complete: ... a computer display allowing user-friendly use; Apple's ___ computer used a GUI in 1983.,LISA,Explanation: A Graphic User Interface (GUI) is a computer display allowing user-friendly use; Apple's LISA computer used a GUI in 1983. Source: MEDIALIT FINALS p.22 Context: Hardware and Storage background is assumed; review media-literacy-finals-refined.md:line-589 if unfamiliar.,,qa,media-literacy finals hardware-and-storage auto,,,Hardware and Storage,media-literacy-finals-refined.md:line-589,daa74d1f6f31a240
What is component 1 of 4 in four shared MIL skill stages?,Identify,Explanation: Information / media / and technology literacy each require identifying needs / locating resources / evaluating fit or credibility / and using resources ethically. Source: MEDIALIT FINALS p.6 Context: Technology Literacy and MIL Skills background is assumed; review media-literacy-finals-refined.md:line-630 if unfamiliar.,"ILEU: Identify, Locate, Evaluate, Use",qa,media-literacy finals mil-skills technology-literacy-and-mil-skills auto,,,Technology Literacy and MIL Skills,media-literacy-finals-refined.md:line-630,b05ed54f10fe100f
"Complete: ... a website's domain extension helps judge credibility: ___ = organization, .com = commercial, .gov = ...",.org,"Explanation: Checking a website's domain extension helps judge credibility: .org = organization, .com = commercial, .gov = government. Source: MEDIALIT FINALS p.8 Context: Source Evaluation and Media Tradeoffs background is assumed; review media-literacy-finals-refined.md:line-302 if unfamiliar.",,qa,media-literacy finals source-evaluation-and-media-tradeoffs auto,,,Source Evaluation and Media Tradeoffs,media-literacy-finals-refined.md:line-302,bed2e735d1bc718d
The method in how something is {{c1::communicated (e.g. books / movies / songs / social media / TV)}}.,communicated (e.g. books / movies / songs / social media / TV),"Explanation: The method in how something is communicated (e.g. books, movies, songs, social media, TV). Source: MEDIALIT FINALS p.1 Context: Media and Media Literacy background is assumed; review media-literacy-finals-refined.md:line-3 if unfamiliar.",,cloze,media-literacy finals media-and-media-literacy auto,,,Media and Media Literacy,media-literacy-finals-refined.md:line-3,674355fee094c45c
Complete: ... the earliest form of camera is the ___.,Camera Obscura,Explanation: Photography (1826) records and copies an image using light onto a light-sensitive material; the earliest form of camera is the Camera Obscura. Source: MEDIALIT FINALS p.14 Context: Analytical Engine and Photography background is assumed; review media-literacy-finals-refined.md:line-445 if unfamiliar.,,qa,media-literacy finals analytical-engine-and-photography auto,,,Analytical Engine and Photography,media-literacy-finals-refined.md:line-445,2847e5a8a81a917c
"Complete: A ___ is a structured, tangible way of conveying ...",Code,"Explanation: A Code is a structured, tangible way of conveying messages using signs, often to express secret meanings in the open (e.g. flag semaphores, Morse code). Source: MEDIALIT FINALS p.4 Context: Verbal and Non-Verbal Communication background is assumed; review media-literacy-finals-refined.md:line-158 if unfamiliar.",,qa,media-literacy finals verbal-and-non-verbal-communication auto,,,Verbal and Non-Verbal Communication,media-literacy-finals-refined.md:line-158,513f6799597dc4e2
What is component 3 of 3 in The three types of information sources?,Tertiary,Explanation: Primary; Secondary; Tertiary Source: MEDIALIT FINALS p.7 Context: Media and Information Sources background is assumed; review media-literacy-finals-refined.md:line-279 if unfamiliar.,"PST: Primary, Secondary, Tertiary",qa,media-literacy finals media-and-information-sources auto,,,Media and Information Sources,media-literacy-finals-refined.md:line-279,b706d468eebc8197
Complete: ___ is a collective noun for all communication ...,Media,Explanation: Media is a collective noun for all communication mediums; a Medium is the singular form (e.g. television is a broadcast medium). Source: MEDIALIT FINALS p.5 Context: Information and Media Literacy background is assumed; review media-literacy-finals-refined.md:line-251 if unfamiliar.,,qa,media-literacy finals information-and-media-literacy auto,,,Information and Media Literacy,media-literacy-finals-refined.md:line-251,7d133f66d652e192
Complete: The fifth generation allowed ___ and developed connectivity such as Local Area ...,parallel computing,Explanation: The fifth generation allowed parallel computing and developed connectivity such as Local Area Network (LAN) and Wide Area Network (WAN). Source: MEDIALIT FINALS p.21 Context: Computer Generations IV-V background is assumed; review media-literacy-finals-refined.md:line-576 if unfamiliar.,,qa,media-literacy finals computer-generations-iv-v auto,,,Computer Generations IV-V,media-literacy-finals-refined.md:line-576,5bd596aae76a56d6
What is component 4 of 5 in positive effects of media listed in the handout?,Better information presentation,Explanation: The handout contrasts these benefits with misinformation / identity theft / and misuse. Source: MEDIALIT FINALS p.9 Context: Media Effects and Society background is assumed; review media-literacy-finals-refined.md:line-669 if unfamiliar.,"IEHBB: Improved learning, Easier data access, Human connection, Better information presentation, Better memory support",qa,media-literacy finals media-effects media-effects-and-society auto,,,Media Effects and Society,media-literacy-finals-refined.md:line-669,ebbfc88eba30c168
Complete: ... B. Morse and Alfred Vail in the ___ as a way to send coded messages ...,1830s,"Explanation: The telegraph was invented by Samuel F. B. Morse and Alfred Vail in the 1830s as a way to send coded messages through an electrical current, replacing the postal system as the fastest way to send messages. Source: MEDIALIT FINALS p.13 Context: Telegraph and Early Computing background is assumed; review media-literacy-finals-refined.md:line-402 if unfamiliar.",,qa,media-literacy finals telegraph-and-early-computing auto,,,Telegraph and Early Computing,media-literacy-finals-refined.md:line-402,ba533c88da48d8c4
"Complete: ... were made by a process called the ___, developed after Louis Daguerre teamed up with ...",daguerreotype,"Explanation: Early photographs on metal plates fixed with a table salt solution were made by a process called the daguerreotype, developed after Louis Daguerre teamed up with Niépce (1839). Source: MEDIALIT FINALS p.16 Context: Photographic Processes background is assumed; review media-literacy-finals-refined.md:line-461 if unfamiliar.",,qa,media-literacy finals photographic-processes auto,,,Photographic Processes,media-literacy-finals-refined.md:line-461,a1638761e9062f5b
What is component 3 of 3 in The three components of the initial (linear) Shannon-Weaver model?,"Receiver<br><img src=""media-literacy-shannon-weaver.jpeg"" alt=""The transmitter-channel-receiver flow visually cues the order of the linear Shannon-Weaver model.; this visual cue anchors the relationship tested by the card."">",Explanation: Transmitter; Channel; Receiver Source: MEDIALIT FINALS p.3 Context: Shannon-Weaver Model background is assumed; review media-literacy-finals-refined.md:line-115 if unfamiliar.,"TCR: Transmitter, Channel, Receiver",image-supported,media-literacy finals shannon-weaver-model auto,media-literacy-shannon-weaver.jpeg,The transmitter-channel-receiver flow visually cues the order of the linear Shannon-Weaver model.; this visual cue anchors the relationship tested by the card.,Shannon-Weaver Model,media-literacy-finals-refined.md:line-115,05f57a41323b183b
"Complete: In 1956, Ericsson's Mobile System (___) was developed and installed in cars; it weighed 88 lbs.",MTA,"Explanation: In 1956, Ericsson's Mobile System (MTA) was developed and installed in cars; it weighed 88 lbs. Source: MEDIALIT FINALS p.19 Context: Mobile Telephony background is assumed; review media-literacy-finals-refined.md:line-515 if unfamiliar.",,qa,media-literacy finals mobile-telephony auto,,,Mobile Telephony,media-literacy-finals-refined.md:line-515,b7162419d0401027
"Complete: The earliest dated, complete printed book is the Chinese ___ (868 CE), a woodblock-printed scroll.",Diamond Sutra,"Explanation: The earliest dated, complete printed book is the Chinese Diamond Sutra (868 CE), a woodblock-printed scroll. Source: MEDIALIT FINALS p.11 Context: Written Word and Printing background is assumed; review media-literacy-finals-refined.md:line-376 if unfamiliar.",,qa,media-literacy finals written-word-and-printing auto,,,Written Word and Printing,media-literacy-finals-refined.md:line-376,9b10f09d9f9edf10
"Complete: Philo Farnsworth is credited with inventing the first functional, all-electronic television system in ___.",1927,"Explanation: Philo Farnsworth is credited with inventing the first functional, all-electronic television system in 1927. Source: MEDIALIT FINALS p.18 Context: Television Radio and Telephone background is assumed; review media-literacy-finals-refined.md:line-497 if unfamiliar.",,qa,media-literacy finals television-radio-and-telephone auto,,,Television Radio and Telephone,media-literacy-finals-refined.md:line-497,a82499421e49fe85
Complete: A ___ (pictograph) is one of the earliest forms ...,pictogram,"Explanation: A pictogram (pictograph) is one of the earliest forms of writing, dating to the Stone Age, conveying meaning through simplified drawings that resemble objects or concepts. Source: MEDIALIT FINALS p.10 Context: Prehistoric Communication and Writing background is assumed; review media-literacy-finals-refined.md:line-343 if unfamiliar.",,qa,media-literacy finals prehistoric-communication-and-writing auto,,,Prehistoric Communication and Writing,media-literacy-finals-refined.md:line-343,3b449631d85c3f3a
Complete: ___ was developed in 1935 for commercial use ...,Kodachrome,"Explanation: Kodachrome was developed in 1935 for commercial use but only became available in 1949, after World War II ended. Source: MEDIALIT FINALS p.17 Context: Electronic Media background is assumed; review media-literacy-finals-refined.md:line-479 if unfamiliar.",,qa,media-literacy finals electronic-media auto,,,Electronic Media,media-literacy-finals-refined.md:line-479,63d33476600e2381
"Who made the first photograph (1826), and what was it called?","Joseph Nicéphore Niépce / using a Camera Obscura — ""View from the Window at Le Gras"" (Point de vue du Gras).","Explanation: Joseph Nicéphore Niépce, using a Camera Obscura — ""View from the Window at Le Gras"" (Point de vue du Gras). Source: MEDIALIT FINALS p.15 Context: Early Photography background is assumed; review media-literacy-finals-refined.md:line-453 if unfamiliar.",,qa,media-literacy finals early-photography auto,,,Early Photography,media-literacy-finals-refined.md:line-453,e320880b8c0b3012
What is component 2 of 4 in four shared MIL skill stages?,Locate,Explanation: Information / media / and technology literacy each require identifying needs / locating resources / evaluating fit or credibility / and using resources ethically. Source: MEDIALIT FINALS p.6 Context: Technology Literacy and MIL Skills background is assumed; review media-literacy-finals-refined.md:line-630 if unfamiliar.,"ILEU: Identify, Locate, Evaluate, Use",qa,media-literacy finals mil-skills technology-literacy-and-mil-skills auto,,,Technology Literacy and MIL Skills,media-literacy-finals-refined.md:line-630,edf6b7dc5dce7361
Complete: The ___ generation allowed parallel computing and developed connectivity ...,fifth,Explanation: The fifth generation allowed parallel computing and developed connectivity such as Local Area Network (LAN) and Wide Area Network (WAN). Source: MEDIALIT FINALS p.21 Context: Computer Generations IV-V background is assumed; review media-literacy-finals-refined.md:line-571 if unfamiliar.,,qa,media-literacy finals computer-generations-iv-v auto,,,Computer Generations IV-V,media-literacy-finals-refined.md:line-571,197e0f4255bc89b3
Complete: A ___ (GUI) is a computer display allowing user-friendly ...,Graphic User Interface,Explanation: A Graphic User Interface (GUI) is a computer display allowing user-friendly use; Apple's LISA computer used a GUI in 1983. Source: MEDIALIT FINALS p.22 Context: Hardware and Storage background is assumed; review media-literacy-finals-refined.md:line-584 if unfamiliar.,,qa,media-literacy finals hardware-and-storage auto,,,Hardware and Storage,media-literacy-finals-refined.md:line-584,64a7a99b2517d12b
"Complete: In 1956, Ericsson's Mobile System (MTA) was developed and installed in cars; it weighed ___.",88 lbs,"Explanation: In 1956, Ericsson's Mobile System (MTA) was developed and installed in cars; it weighed 88 lbs. Source: MEDIALIT FINALS p.19 Context: Mobile Telephony background is assumed; review media-literacy-finals-refined.md:line-520 if unfamiliar.",,qa,media-literacy finals mobile-telephony auto,,,Mobile Telephony,media-literacy-finals-refined.md:line-520,ea10418c8de16662
What are semaphores?,Flags (developed in the 17th Century / used by the navy) that send symbols to communicate with other ships; land semaphores were done atop towers to send messages over hilltops.,"Explanation: Flags (developed in the 17th Century, used by the navy) that send symbols to communicate with other ships; land semaphores were done atop towers to send messages over hilltops. Source: MEDIALIT FINALS p.12 Context: Postal Communication and Codes background is assumed; review media-literacy-finals-refined.md:line-389 if unfamiliar.",,qa,media-literacy finals postal-communication-and-codes auto,,,Postal Communication and Codes,media-literacy-finals-refined.md:line-389,7729fbe24b120a69
"Complete: ___, the world's earliest known writing system, used ...",Cuneiform,"Explanation: Cuneiform, the world's earliest known writing system, used wedge-shaped marks pressed into clay and was developed by the Sumerians in Mesopotamia around 3500–3200 BCE. Source: MEDIALIT FINALS p.10 Context: Prehistoric Communication and Writing background is assumed; review media-literacy-finals-refined.md:line-348 if unfamiliar.",,qa,media-literacy finals prehistoric-communication-and-writing auto,,,Prehistoric Communication and Writing,media-literacy-finals-refined.md:line-348,e22392c39a435b91
Which criterion asks whether a source fits the learner's actual need and audience?,Relevance,Explanation: Relevance compares the source's level and subject with the user's purpose. Source: MEDIALIT FINALS p.7 Context: Source Evaluation and Media Tradeoffs background is assumed; review media-literacy-finals-refined.md:line-647 if unfamiliar.,,qa,media-literacy finals evaluation source-evaluation-and-media-tradeoffs auto,,,Source Evaluation and Media Tradeoffs,media-literacy-finals-refined.md:line-647,7d35e8d767f3abb2
Complete: ... and Louis Lumiere in 1907 using an ___ process.,autochrome,Explanation: The first color photography was invented by Auguste and Louis Lumiere in 1907 using an autochrome process. Source: MEDIALIT FINALS p.16 Context: Photographic Processes background is assumed; review media-literacy-finals-refined.md:line-471 if unfamiliar.,,qa,media-literacy finals photographic-processes auto,,,Photographic Processes,media-literacy-finals-refined.md:line-471,6730ae4703893f40
"Complete: ___ is credited with inventing the first functional, all-electronic television system in 1927.",Philo Farnsworth,"Explanation: Philo Farnsworth is credited with inventing the first functional, all-electronic television system in 1927. Source: MEDIALIT FINALS p.18 Context: Television Radio and Telephone background is assumed; review media-literacy-finals-refined.md:line-492 if unfamiliar.",,qa,media-literacy finals television-radio-and-telephone auto,,,Television Radio and Telephone,media-literacy-finals-refined.md:line-492,23c3075a536021e8
What is component 1 of 3 in The three types of information sources?,Primary,Explanation: Primary; Secondary; Tertiary Source: MEDIALIT FINALS p.7 Context: Media and Information Sources background is assumed; review media-literacy-finals-refined.md:line-279 if unfamiliar.,"PST: Primary, Secondary, Tertiary",qa,media-literacy finals media-and-information-sources auto,,,Media and Information Sources,media-literacy-finals-refined.md:line-279,44d3f393d41b6c05
What is component 2 of 3 in The characteristics of a language?,Follows a set of rules — grammar,Explanation: Symbolic — a word is associated with a concrete or abstract meaning; Follows a set of rules — grammar; Relational and cultural — meaning can change based on culture Source: MEDIALIT FINALS p.4 Context: Verbal and Non-Verbal Communication background is assumed; review media-literacy-finals-refined.md:line-198 if unfamiliar.,"SFR: Symbolic — a word is associated with a concrete or abstract meaning, Follows a set of rules — grammar, Relational and cultural — meaning can change based on culture",qa,media-literacy finals verbal-and-non-verbal-communication auto,,,Verbal and Non-Verbal Communication,media-literacy-finals-refined.md:line-198,4403f38bf18541ed
Which term means: False information spread WITHOUT the intent to cause harm or mislead?,misinformation,Explanation: False information spread WITHOUT the intent to cause harm or mislead. Source: MEDIALIT FINALS p.9 Context: Media Effects and Society background is assumed; review media-literacy-finals-refined.md:line-325 if unfamiliar.,,reverse,media-literacy finals media-effects-and-society auto,,,Media Effects and Society,media-literacy-finals-refined.md:line-325,9fca4f3cdbef097c
What was Charles Babbage's Analytical Machine?,The first programmable computer / using punched cards to store programs.,"Explanation: The first programmable computer, using punched cards to store programs. Source: MEDIALIT FINALS p.14 Context: Analytical Engine and Photography background is assumed; review media-literacy-finals-refined.md:line-425 if unfamiliar.",,qa,media-literacy finals analytical-engine-and-photography auto,,,Analytical Engine and Photography,media-literacy-finals-refined.md:line-425,073b655dfaa8b4f5
"Complete: ... ""A Mathematical Theory of Communication"" in the ___, which became the Shannon-Weaver model of communication.",Bell System Technical Journal,"Explanation: In 1948, Shannon and Weaver wrote ""A Mathematical Theory of Communication"" in the Bell System Technical Journal, which became the Shannon-Weaver model of communication. Source: MEDIALIT FINALS p.3 Context: Shannon-Weaver Model background is assumed; review media-literacy-finals-refined.md:line-125 if unfamiliar.",,qa,media-literacy finals shannon-weaver-model auto,,,Shannon-Weaver Model,media-literacy-finals-refined.md:line-125,4e2c2eff55e1f369
What are punched cards?,Sheets of paper with holes arranged in a specific pattern to operate or feed data onto a machine (e.g. to operate looms).,Explanation: Sheets of paper with holes arranged in a specific pattern to operate or feed data onto a machine (e.g. to operate looms). Source: MEDIALIT FINALS p.13 Context: Telegraph and Early Computing background is assumed; review media-literacy-finals-refined.md:line-407 if unfamiliar.,,qa,media-literacy finals telegraph-and-early-computing auto,,,Telegraph and Early Computing,media-literacy-finals-refined.md:line-407,e94b1974f30bd26f
"Complete: The Chinese first developed woodblock printing, but ___ developed a mechanized printing press in the ...",Johannes Gutenberg,"Explanation: The Chinese first developed woodblock printing, but Johannes Gutenberg developed a mechanized printing press in the 14th Century that made books faster, cheaper, and available to the masses. Source: MEDIALIT FINALS p.11 Context: Written Word and Printing background is assumed; review media-literacy-finals-refined.md:line-381 if unfamiliar.",,qa,media-literacy finals written-word-and-printing auto,,,Written Word and Printing,media-literacy-finals-refined.md:line-381,cdd0d0da730c454c
What is component 3 of 5 in Being media literate requires you to…?,Recognize points of view,Explanation: Learn to think critically; Become smart consumers; Recognize points of view; Create media responsibly; Identify the role of media in our culture Source: MEDIALIT FINALS p.5 Context: Information and Media Literacy background is assumed; review media-literacy-finals-refined.md:line-266 if unfamiliar.,"LBRCI: Learn to think critically, Become smart consumers, Recognize points of view, Create media responsibly, Identify the role of media in our culture",qa,media-literacy finals information-and-media-literacy auto,,,Information and Media Literacy,media-literacy-finals-refined.md:line-266,be3940da75015595
What is component 1 of 6 in The six skills in the media literacy definition (NAMLE)?,Access,Explanation: Access; Analyze; Evaluate; Create; Communicate; Act Source: MEDIALIT FINALS p.1 Context: Media and Media Literacy background is assumed; review media-literacy-finals-refined.md:line-18 if unfamiliar.,"AAECCA: Access, Analyze, Evaluate, Create, Communicate, Act",qa,media-literacy finals media-and-media-literacy auto,,,Media and Media Literacy,media-literacy-finals-refined.md:line-18,4aa566320738c69b
What is component 1 of 5 in The five components of the communication process?,Source,Explanation: Source; Channel; Message; Receiver; Feedback Source: MEDIALIT FINALS p.2 Context: Communication Process and Literacies background is assumed; review media-literacy-finals-refined.md:line-71 if unfamiliar.,"SCMRF: Source, Channel, Message, Receiver, Feedback",qa,media-literacy finals communication-process-and-literacies auto,,,Communication Process and Literacies,media-literacy-finals-refined.md:line-71,7cde823f72c61a07
"Complete: The ___ generation centered on the integrated circuit (microchip), ...",third,"Explanation: The third generation centered on the integrated circuit (microchip), which appeared in 1963 and saw the birth of operating systems like UNIX. Source: MEDIALIT FINALS p.20 Context: Computer Generations I-III background is assumed; review media-literacy-finals-refined.md:line-548 if unfamiliar.",,qa,media-literacy finals computer-generations-i-iii auto,,,Computer Generations I-III,media-literacy-finals-refined.md:line-548,a7767210588f19bc
"Complete: ... commercial use but only became available in ___, after World War II ended.",1949,"Explanation: Kodachrome was developed in 1935 for commercial use but only became available in 1949, after World War II ended. Source: MEDIALIT FINALS p.17 Context: Electronic Media background is assumed; review media-literacy-finals-refined.md:line-484 if unfamiliar.",,qa,media-literacy finals electronic-media auto,,,Electronic Media,media-literacy-finals-refined.md:line-484,f6860eb5f03338e7
Complete: The ___ MOOC teaching method is the traditional classroom ...,Didactic,"Explanation: The Didactic MOOC teaching method is the traditional classroom approach (watching pre-recorded videos, reading materials) and is the most common in MOOCs, while the Connectivist method has the student interpret available content and present it for peer critique in an online forum. Source: MEDIALIT FINALS p.23 Context: MOOCs and Ubiquitous Learning background is assumed; review media-literacy-finals-refined.md:line-607 if unfamiliar.",,qa,media-literacy finals moocs-and-ubiquitous-learning auto,,,MOOCs and Ubiquitous Learning,media-literacy-finals-refined.md:line-607,fe074a4b965376f3
